-- phpMyAdmin SQL Dump
-- version 5.2.0
-- https://www.phpmyadmin.net/
--
-- Host: 127.0.0.1
-- Generation Time: Aug 24, 2023 at 11:20 PM
-- Server version: 10.4.27-MariaDB
-- PHP Version: 8.0.25

SET SQL_MODE = "NO_AUTO_VALUE_ON_ZERO";
START TRANSACTION;
SET time_zone = "+00:00";


/*!40101 SET @OLD_CHARACTER_SET_CLIENT=@@CHARACTER_SET_CLIENT */;
/*!40101 SET @OLD_CHARACTER_SET_RESULTS=@@CHARACTER_SET_RESULTS */;
/*!40101 SET @OLD_COLLATION_CONNECTION=@@COLLATION_CONNECTION */;
/*!40101 SET NAMES utf8mb4 */;

--
-- Database: `db_ecommerce`
--
CREATE DATABASE IF NOT EXISTS `db_ecommerce` DEFAULT CHARACTER SET utf8mb4 COLLATE utf8mb4_general_ci;
USE `db_ecommerce`;

-- --------------------------------------------------------

--
-- Table structure for table `messagein`
--

CREATE TABLE `messagein` (
  `Id` int(11) NOT NULL,
  `SendTime` datetime DEFAULT NULL,
  `ReceiveTime` datetime DEFAULT NULL,
  `MessageFrom` varchar(80) DEFAULT NULL,
  `MessageTo` varchar(80) DEFAULT NULL,
  `SMSC` varchar(80) DEFAULT NULL,
  `MessageText` text DEFAULT NULL,
  `MessageType` varchar(80) DEFAULT NULL,
  `MessageParts` int(11) DEFAULT NULL,
  `MessagePDU` text DEFAULT NULL,
  `Gateway` varchar(80) DEFAULT NULL,
  `UserId` varchar(80) DEFAULT NULL
) ENGINE=InnoDB DEFAULT CHARSET=utf8mb4 COLLATE=utf8mb4_general_ci;

--
-- Dumping data for table `messagein`
--

INSERT INTO `messagein` (`Id`, `SendTime`, `ReceiveTime`, `MessageFrom`, `MessageTo`, `SMSC`, `MessageText`, `MessageType`, `MessageParts`, `MessagePDU`, `Gateway`, `UserId`) VALUES
(1, '2017-11-02 05:19:29', NULL, '211', '+639305235027', NULL, '0B05040B8423F00003FB0302,870906890101C651018715060350524F585932000187070603534D415254204D4D530001C65201872F060350524F5859325F3100018720060331302E3130322E36312E343600018721068501872206034E4150475052535F320001C6530187230603383038300001010101C600015501873606037734000187070603534D4152', NULL, NULL, NULL, NULL, NULL),
(2, '2017-11-02 05:19:34', NULL, '211', '+639305235027', NULL, '0B05040B8423F00003FB0303,54204D4D5300018739060350524F585932000187340603687474703A2F2F31302E3130322E36312E3233383A383030322F00010101', NULL, NULL, NULL, NULL, NULL),
(3, '2017-11-02 05:19:14', NULL, '211', '+639305235027', NULL, '0B05040B8423F00003FA0201,6C062F1F2DB69180923646443032463643313042394231363544354242413143304143413232424334343239453236423600030B6A00C54503312E310001C6560187070603534D41525420494E5445524E4554000101C65501871106034E4150475052535F330001871006AB0187070603534D41525420494E5445524E455400', NULL, NULL, NULL, NULL, NULL),
(4, '2017-11-02 05:19:19', NULL, '211', '+639305235027', NULL, '0B05040B8423F00003FA0202,0187140187080603696E7465726E65740001870906890101C600015501873606037732000187070603534D41525420494E5445524E45540001872206034E4150475052535F330001C65901873A0603687474703A2F2F6D2E736D6172742E636F6D2E7068000187070603484F4D450001871C01010101', NULL, NULL, NULL, NULL, NULL),
(5, '2017-11-02 05:19:24', NULL, '211', '+639305235027', NULL, '0B05040B8423F00003FB0301,6D062F1F2DB69180923432373832413042464145313131463335303137323744303141433530304134373930423843334500030B6A00C54503312E310001C6560187070603534D415254204D4D53000101C65501871106034E4150475052535F320001871006AB0187070603534D415254204D4D530001870806036D6D730001', NULL, NULL, NULL, NULL, NULL),
(6, '2017-11-02 05:19:29', NULL, '211', '+639305235027', NULL, '0B05040B8423F00003FB0302,870906890101C651018715060350524F585932000187070603534D415254204D4D530001C65201872F060350524F5859325F3100018720060331302E3130322E36312E343600018721068501872206034E4150475052535F320001C6530187230603383038300001010101C600015501873606037734000187070603534D4152', NULL, NULL, NULL, NULL, NULL);

-- --------------------------------------------------------

--
-- Table structure for table `messagelog`
--

CREATE TABLE `messagelog` (
  `Id` int(11) NOT NULL,
  `SendTime` datetime DEFAULT NULL,
  `ReceiveTime` datetime DEFAULT NULL,
  `StatusCode` int(11) DEFAULT NULL,
  `StatusText` varchar(80) DEFAULT NULL,
  `MessageTo` varchar(80) DEFAULT NULL,
  `MessageFrom` varchar(80) DEFAULT NULL,
  `MessageText` text DEFAULT NULL,
  `MessageType` varchar(80) DEFAULT NULL,
  `MessageId` varchar(80) DEFAULT NULL,
  `ErrorCode` varchar(80) DEFAULT NULL,
  `ErrorText` varchar(80) DEFAULT NULL,
  `Gateway` varchar(80) DEFAULT NULL,
  `MessageParts` int(11) DEFAULT NULL,
  `MessagePDU` text DEFAULT NULL,
  `Connector` varchar(80) DEFAULT NULL,
  `UserId` varchar(80) DEFAULT NULL,
  `UserInfo` text DEFAULT NULL
) ENGINE=InnoDB DEFAULT CHARSET=utf8mb4 COLLATE=utf8mb4_general_ci;

--
-- Dumping data for table `messagelog`
--

INSERT INTO `messagelog` (`Id`, `SendTime`, `ReceiveTime`, `StatusCode`, `StatusText`, `MessageTo`, `MessageFrom`, `MessageText`, `MessageType`, `MessageId`, `ErrorCode`, `ErrorText`, `Gateway`, `MessageParts`, `MessagePDU`, `Connector`, `UserId`, `UserInfo`) VALUES
(1, '2018-01-27 20:38:08', NULL, 300, NULL, '09305235027', 'Hello Poh', NULL, NULL, '', NULL, NULL, NULL, NULL, NULL, NULL, NULL, NULL),
(2, '2018-01-27 20:39:06', NULL, 300, NULL, '09305235027', 'Hello Poh', NULL, NULL, '', NULL, NULL, NULL, NULL, NULL, NULL, NULL, NULL),
(3, '2018-01-27 20:49:14', NULL, 300, NULL, '09305235027', 'hi poh', NULL, NULL, '', NULL, NULL, NULL, NULL, NULL, NULL, NULL, NULL),
(4, '2018-01-27 20:50:56', NULL, 300, NULL, '09508767867', 'hi poh', NULL, NULL, '', NULL, NULL, NULL, NULL, NULL, NULL, NULL, NULL),
(5, '2018-02-09 17:52:26', NULL, 300, NULL, '09486457414', 'Test to send', NULL, NULL, '', NULL, NULL, NULL, NULL, NULL, NULL, NULL, NULL),
(6, '2018-02-09 17:54:27', NULL, 300, NULL, '09486457414', 'Test to send', NULL, NULL, '', NULL, NULL, NULL, NULL, NULL, NULL, NULL, NULL),
(7, '2018-02-09 17:55:11', NULL, 300, NULL, '09486457414', 'Test to send', NULL, NULL, '', NULL, NULL, NULL, NULL, NULL, NULL, NULL, NULL),
(8, '2018-02-09 17:59:11', NULL, 300, NULL, '09486457414', 'Test to send', NULL, NULL, '', NULL, NULL, NULL, NULL, NULL, NULL, NULL, NULL),
(9, '2018-02-09 18:00:12', NULL, 200, NULL, '+639486457414', 'yes', NULL, NULL, '1:+639486457414:35', NULL, NULL, NULL, NULL, NULL, NULL, NULL, NULL),
(10, '2018-02-09 18:01:12', NULL, 200, NULL, '+639486457414', 'Test to send', NULL, NULL, '1:+639486457414:36', NULL, NULL, NULL, NULL, NULL, NULL, NULL, NULL),
(11, '2018-02-09 18:02:58', NULL, 200, NULL, '+639486457414', 'FROM JANNO : Confirmed', NULL, NULL, '1:+639486457414:37', NULL, NULL, NULL, NULL, NULL, NULL, NULL, NULL),
(12, '2018-02-09 18:05:22', NULL, 200, NULL, '+639486457414', 'FROM Bachelor of Science and Entrepreneurs : Your order has been .Confirmed', NULL, NULL, '1:+639486457414:38', NULL, NULL, NULL, NULL, NULL, NULL, NULL, NULL),
(13, '2018-02-09 18:08:14', NULL, 200, NULL, '+639486457414', 'FROM Bachelor of Science and Entrepreneurs : Your order has been .Confirmed', NULL, NULL, '1:+639486457414:39', NULL, NULL, NULL, NULL, NULL, NULL, NULL, NULL),
(14, '2018-02-09 18:21:41', NULL, 200, NULL, '+639486457414', 'FROM Bachelor of Science and Entrepreneurs : Your order has been .Confirmed', NULL, NULL, '1:+639486457414:40', NULL, NULL, NULL, NULL, NULL, NULL, NULL, NULL),
(15, '2018-04-01 22:17:34', NULL, 300, NULL, '09123586545', 'Your code is .6048', NULL, NULL, '', NULL, NULL, NULL, NULL, NULL, NULL, NULL, NULL),
(16, '2018-04-01 22:18:20', NULL, 300, NULL, '09123586545', 'Your code is .9305', NULL, NULL, '', NULL, NULL, NULL, NULL, NULL, NULL, NULL, NULL),
(17, '2018-04-01 22:20:15', NULL, 300, NULL, '09123586545', 'Your code is .2924', NULL, NULL, '', NULL, NULL, NULL, NULL, NULL, NULL, NULL, NULL),
(18, '2018-04-01 22:42:36', NULL, 300, NULL, '09123586545', 'Your code is .6938', NULL, NULL, '', NULL, NULL, NULL, NULL, NULL, NULL, NULL, NULL),
(19, '2018-04-02 00:40:53', NULL, 300, NULL, '9956112920', 'Your code is .7290', NULL, NULL, '', NULL, NULL, NULL, NULL, NULL, NULL, NULL, NULL),
(20, '2018-04-02 00:42:14', NULL, 300, NULL, '9956112920', 'Your code is .4506', NULL, NULL, '', NULL, NULL, NULL, NULL, NULL, NULL, NULL, NULL),
(21, '2018-04-02 00:43:46', NULL, 300, NULL, '9956112920', 'Your code is .4506', NULL, NULL, '', NULL, NULL, NULL, NULL, NULL, NULL, NULL, NULL),
(22, '2018-04-02 00:45:56', NULL, 300, NULL, '09956112920', 'Your code is .6988', NULL, NULL, '', NULL, NULL, NULL, NULL, NULL, NULL, NULL, NULL),
(23, '2018-04-02 00:47:17', NULL, 300, NULL, '09956112920', 'Your code is .4380', NULL, NULL, '', NULL, NULL, NULL, NULL, NULL, NULL, NULL, NULL),
(24, '2018-04-02 00:48:53', NULL, 200, NULL, '639956112920', 'Your code is .5936', NULL, NULL, '1:639956112920:129', NULL, NULL, NULL, NULL, NULL, NULL, NULL, NULL),
(25, '2018-04-02 00:50:29', NULL, 200, NULL, '639956112920', 'Your code is .5349', NULL, NULL, '1:639956112920:130', NULL, NULL, NULL, NULL, NULL, NULL, NULL, NULL),
(26, '2018-04-02 00:53:32', NULL, 200, NULL, '639956112920', 'Your code is', NULL, NULL, '1:639956112920:131', NULL, NULL, NULL, NULL, NULL, NULL, NULL, NULL),
(27, '2018-04-02 00:54:43', NULL, 200, NULL, '639956112920', 'Your code is 3407', NULL, NULL, '1:639956112920:132', NULL, NULL, NULL, NULL, NULL, NULL, NULL, NULL);

-- --------------------------------------------------------

--
-- Table structure for table `messageout`
--

CREATE TABLE `messageout` (
  `Id` int(11) NOT NULL,
  `MessageTo` varchar(80) DEFAULT NULL,
  `MessageFrom` varchar(80) DEFAULT NULL,
  `MessageText` text DEFAULT NULL,
  `MessageType` varchar(80) DEFAULT NULL,
  `Gateway` varchar(80) DEFAULT NULL,
  `UserId` varchar(80) DEFAULT NULL,
  `UserInfo` text DEFAULT NULL,
  `Priority` int(11) DEFAULT NULL,
  `Scheduled` datetime DEFAULT NULL,
  `ValidityPeriod` int(11) DEFAULT NULL,
  `IsSent` tinyint(1) NOT NULL DEFAULT 0,
  `IsRead` tinyint(1) NOT NULL DEFAULT 0
) ENGINE=InnoDB DEFAULT CHARSET=utf8mb4 COLLATE=utf8mb4_general_ci;

-- --------------------------------------------------------

--
-- Table structure for table `tblautonumber`
--

CREATE TABLE `tblautonumber` (
  `ID` int(11) NOT NULL,
  `AUTOSTART` varchar(11) NOT NULL,
  `AUTOINC` int(11) NOT NULL,
  `AUTOEND` int(11) NOT NULL,
  `AUTOKEY` varchar(12) NOT NULL,
  `AUTONUM` int(30) NOT NULL
) ENGINE=InnoDB DEFAULT CHARSET=latin1 COLLATE=latin1_swedish_ci;

--
-- Dumping data for table `tblautonumber`
--

INSERT INTO `tblautonumber` (`ID`, `AUTOSTART`, `AUTOINC`, `AUTOEND`, `AUTOKEY`, `AUTONUM`) VALUES
(1, '2017', 1, 43, 'PROID', 10),
(2, '0', 1, 95, 'ordernumber', 0);

-- --------------------------------------------------------

--
-- Table structure for table `tblcategory`
--

CREATE TABLE `tblcategory` (
  `CATEGID` int(11) NOT NULL,
  `CATEGORIES` varchar(255) NOT NULL,
  `USERID` int(11) NOT NULL
) ENGINE=InnoDB DEFAULT CHARSET=latin1 COLLATE=latin1_swedish_ci;

--
-- Dumping data for table `tblcategory`
--

INSERT INTO `tblcategory` (`CATEGID`, `CATEGORIES`, `USERID`) VALUES
(5, 'SHOES', 0),
(11, 'BAGS', 0),
(12, 'CLOTHING', 0),
(13, 'INTERIORS', 0),
(14, 'HOUSEHOLDS', 0),
(15, 'FASHION', 0),
(16, 'KIDS', 0),
(17, 'WOMENS', 0),
(18, 'MENS', 0),
(19, 'SPORTSWEAR', 0);

-- --------------------------------------------------------

--
-- Table structure for table `tblcustomer`
--

CREATE TABLE `tblcustomer` (
  `CUSTOMERID` int(11) NOT NULL,
  `FNAME` varchar(30) NOT NULL,
  `LNAME` varchar(30) NOT NULL,
  `MNAME` varchar(30) NOT NULL,
  `CUSHOMENUM` varchar(90) NOT NULL,
  `STREETADD` text NOT NULL,
  `BRGYADD` text NOT NULL,
  `CITYADD` text NOT NULL,
  `PROVINCE` varchar(80) NOT NULL,
  `COUNTRY` varchar(30) NOT NULL,
  `DBIRTH` date NOT NULL,
  `GENDER` varchar(10) NOT NULL,
  `PHONE` varchar(20) NOT NULL,
  `EMAILADD` varchar(40) NOT NULL,
  `ZIPCODE` int(6) NOT NULL,
  `CUSUNAME` varchar(20) NOT NULL,
  `CUSPASS` varchar(90) NOT NULL,
  `CUSPHOTO` varchar(255) NOT NULL,
  `TERMS` tinyint(4) NOT NULL,
  `DATEJOIN` date NOT NULL
) ENGINE=InnoDB DEFAULT CHARSET=latin1 COLLATE=latin1_swedish_ci;

--
-- Dumping data for table `tblcustomer`
--

INSERT INTO `tblcustomer` (`CUSTOMERID`, `FNAME`, `LNAME`, `MNAME`, `CUSHOMENUM`, `STREETADD`, `BRGYADD`, `CITYADD`, `PROVINCE`, `COUNTRY`, `DBIRTH`, `GENDER`, `PHONE`, `EMAILADD`, `ZIPCODE`, `CUSUNAME`, `CUSPASS`, `CUSPHOTO`, `TERMS`, `DATEJOIN`) VALUES
(1, 'janobe', 'Palacios', '', '321', 'Coloso Street', 'brgy. 1', 'Kabankalan City', 'Negros Occidental', 'Philippines', '0000-00-00', 'Male', '+639956112920', '', 6111, 'kenjie@yahoo.com', '1dd4efc811372cd1efe855981a8863d10ddde1ca', 'customer_image/a1157016c5d8272126380b27a59e2e7e.jpg', 1, '2015-11-26'),
(2, 'Mark Anthony', 'Geasin', '', '1234', 'paglaom', 'dancalan', 'ilog', 'negros occ', 'philippines', '0000-00-00', '', '091023333234', '', 6111, 'bboy', '0377588176145a8f0d837ff6e9bf0c1616268387', 'customer_image/10801930_959054964122877_391305007291646162_n.jpg', 1, '2015-11-26'),
(3, 'Jano', 'Palacios', '', '12312', 's', 'brgy 1', 'kabankalan city', 'negross occidental', 'philippines', '0000-00-00', 'Male', '21312312312', '', 6111, 'jan', '53199fa57fdf5676d03d89fbdd26e69a927766fc', 'customer_image/Tropical-Beach-Wallpaper.jpg', 1, '2017-12-08'),
(4, 'Jamei', 'Laveste', '', '', '', '', 'kabankalan city', '', '', '0000-00-00', 'Female', '362656556', '', 0, 'jame', 'f144dcce05af4d40fa0aeba34b05f4472472a4de', 'customer_image/1351064148bpguarhW.jpg', 1, '2018-01-23'),
(5, 'Jeanniebe', 'Palacios', '', '', '', '', 'Kab City', '', '', '0000-00-00', 'Female', '+639486457414', '', 0, 'bebe', 'd079a1c06803587ea09bff3f44a567e19169e7b5', '', 1, '2018-02-09'),
(6, 'Janry', 'Tan', '', '', '', '', 'Kab City', '', '', '0000-00-00', 'Male', '0234234', '', 0, 'jan', '0271c5467994a9e88e01be5b7e1f5f43d0ab93d2', '', 1, '2018-04-01'),
(7, 'Jake', 'Cuenca', '', '', '', '', 'Kabankalan City', '', '', '0000-00-00', 'Male', '639305235027', '', 0, 'jake', '403ba16f713c8371eef121530a922824be29b68a', '', 1, '2018-04-16'),
(8, 'Jake', 'Tam', '', '', '', '', 'Kab City', '', '', '0000-00-00', 'Male', '021312312', '', 0, 'j', '30e1fe53111f7e583c382596a32885fd27283970', '', 1, '2018-09-23'),
(9, 'Annie', 'Paredes', '', '', '', '', 's', '', '', '0000-00-00', 'Female', '12312312', '', 0, 'an', 'aa46142b604e671794a84129896d4dec508dec81', 'customer_image/shirt2.jpg', 1, '2019-08-20');

-- --------------------------------------------------------

--
-- Table structure for table `tblorder`
--

CREATE TABLE `tblorder` (
  `ORDERID` int(11) NOT NULL,
  `PROID` int(11) NOT NULL,
  `ORDEREDQTY` int(11) NOT NULL,
  `ORDEREDPRICE` double NOT NULL,
  `ORDEREDNUM` int(11) NOT NULL,
  `USERID` int(11) NOT NULL
) ENGINE=InnoDB DEFAULT CHARSET=latin1 COLLATE=latin1_swedish_ci;

--
-- Dumping data for table `tblorder`
--

INSERT INTO `tblorder` (`ORDERID`, `PROID`, `ORDEREDQTY`, `ORDEREDPRICE`, `ORDEREDNUM`, `USERID`) VALUES
(1, 201737, 4, 476, 93, 0),
(2, 201740, 3, 447, 93, 0),
(3, 201738, 1, 199, 94, 0);

-- --------------------------------------------------------

--
-- Table structure for table `tblproduct`
--

CREATE TABLE `tblproduct` (
  `PROID` int(11) NOT NULL,
  `PRODESC` varchar(255) DEFAULT NULL,
  `INGREDIENTS` varchar(255) NOT NULL,
  `PROQTY` int(11) DEFAULT NULL,
  `ORIGINALPRICE` double NOT NULL,
  `PROPRICE` double DEFAULT NULL,
  `CATEGID` int(11) DEFAULT NULL,
  `IMAGES` varchar(255) DEFAULT NULL,
  `PROSTATS` varchar(30) DEFAULT NULL,
  `OWNERNAME` varchar(90) NOT NULL,
  `OWNERPHONE` varchar(90) NOT NULL
) ENGINE=InnoDB DEFAULT CHARSET=latin1 COLLATE=latin1_swedish_ci;

--
-- Dumping data for table `tblproduct`
--

INSERT INTO `tblproduct` (`PROID`, `PRODESC`, `INGREDIENTS`, `PROQTY`, `ORIGINALPRICE`, `PROPRICE`, `CATEGID`, `IMAGES`, `PROSTATS`, `OWNERNAME`, `OWNERPHONE`) VALUES
(201737, 'KILY Korean Casual Sleeveless Dress Printed Dress 5a0019                      ', '', 5, 100, 119, 12, 'uploaded_photos/korean.jpeg', 'Available', 'janobe', ''),
(201738, 'terno top and pants korean fashion boho terno summer terno for women  ', '', 3, 150, 199, 12, 'uploaded_photos/terno.jpg', 'Available', 'janobe', ''),
(201739, '4Color Men′S Denim Pants STRETCHABLE Skinny Black/Blue', '', 5, 250, 289, 18, 'uploaded_photos/jeans.jpg', 'Available', 'janobe', ''),
(201740, 'SIMPLE Fashion Men`S Casual T Shirt Short Sleeve Round neck Top', '', 1, 100, 149, 18, 'uploaded_photos/shirt.jpg', 'Available', 'janobe', ''),
(201741, 'ICM #T146 BESTSELLER TOPS TSHIRT FOR MEN', '', 4, 50, 89, 18, 'uploaded_photos/shirt2.jpg', 'Available', 'janobe', ''),
(201742, 'CJY-001 Coat Rack Creative Simple CoatRack Bedroom Wardrobe (Gray)', '', 4, 250, 287, 14, 'uploaded_photos/bed.jpeg', 'Available', 'janobe', '');

-- --------------------------------------------------------

--
-- Table structure for table `tblpromopro`
--

CREATE TABLE `tblpromopro` (
  `PROMOID` int(11) NOT NULL,
  `PROID` int(11) NOT NULL,
  `PRODISCOUNT` double NOT NULL,
  `PRODISPRICE` double NOT NULL,
  `PROBANNER` tinyint(4) NOT NULL,
  `PRONEW` tinyint(4) NOT NULL
) ENGINE=InnoDB DEFAULT CHARSET=latin1 COLLATE=latin1_swedish_ci;

--
-- Dumping data for table `tblpromopro`
--

INSERT INTO `tblpromopro` (`PROMOID`, `PROID`, `PRODISCOUNT`, `PRODISPRICE`, `PROBANNER`, `PRONEW`) VALUES
(1, 201737, 0, 119, 0, 0),
(2, 201738, 0, 199, 0, 0),
(3, 201739, 0, 289, 0, 0),
(4, 201740, 0, 149, 0, 0),
(5, 201741, 0, 89, 0, 0),
(6, 201742, 0, 287, 0, 0);

-- --------------------------------------------------------

--
-- Table structure for table `tblsetting`
--

CREATE TABLE `tblsetting` (
  `SETTINGID` int(11) NOT NULL,
  `PLACE` text NOT NULL,
  `BRGY` varchar(90) NOT NULL,
  `DELPRICE` double NOT NULL
) ENGINE=InnoDB DEFAULT CHARSET=latin1 COLLATE=latin1_swedish_ci;

--
-- Dumping data for table `tblsetting`
--

INSERT INTO `tblsetting` (`SETTINGID`, `PLACE`, `BRGY`, `DELPRICE`) VALUES
(1, 'Kabankalan City', 'Brgy. 1', 50),
(2, 'Himamaylan City', 'Brgy. 1', 70);

-- --------------------------------------------------------

--
-- Table structure for table `tblstockin`
--

CREATE TABLE `tblstockin` (
  `STOCKINID` int(11) NOT NULL,
  `STOCKDATE` datetime DEFAULT NULL,
  `PROID` int(11) DEFAULT NULL,
  `STOCKQTY` int(11) DEFAULT NULL,
  `STOCKPRICE` double DEFAULT NULL,
  `USERID` int(11) DEFAULT NULL
) ENGINE=InnoDB DEFAULT CHARSET=latin1 COLLATE=latin1_swedish_ci;

-- --------------------------------------------------------

--
-- Table structure for table `tblsummary`
--

CREATE TABLE `tblsummary` (
  `SUMMARYID` int(11) NOT NULL,
  `ORDEREDDATE` datetime NOT NULL,
  `CUSTOMERID` int(11) NOT NULL,
  `ORDEREDNUM` int(11) NOT NULL,
  `DELFEE` double NOT NULL,
  `PAYMENT` double NOT NULL,
  `PAYMENTMETHOD` varchar(30) NOT NULL,
  `ORDEREDSTATS` varchar(30) NOT NULL,
  `ORDEREDREMARKS` varchar(125) NOT NULL,
  `CLAIMEDADTE` datetime NOT NULL,
  `HVIEW` tinyint(4) NOT NULL,
  `USERID` int(11) NOT NULL
) ENGINE=InnoDB DEFAULT CHARSET=latin1 COLLATE=latin1_swedish_ci;

--
-- Dumping data for table `tblsummary`
--

INSERT INTO `tblsummary` (`SUMMARYID`, `ORDEREDDATE`, `CUSTOMERID`, `ORDEREDNUM`, `DELFEE`, `PAYMENT`, `PAYMENTMETHOD`, `ORDEREDSTATS`, `ORDEREDREMARKS`, `CLAIMEDADTE`, `HVIEW`, `USERID`) VALUES
(1, '2019-08-21 06:24:24', 9, 93, 0, 0, 'Cash on Delivery', 'Pending', 'Your order is on process.', '0000-00-00 00:00:00', 1, 0),
(3, '2019-08-21 06:27:09', 9, 94, 70, 269, 'Cash on Delivery', 'Confirmed', 'Your order has been confirmed.', '2019-08-21 00:00:00', 1, 0);

-- --------------------------------------------------------

--
-- Table structure for table `tbluseraccount`
--

CREATE TABLE `tbluseraccount` (
  `USERID` int(11) NOT NULL,
  `U_NAME` varchar(122) NOT NULL,
  `U_USERNAME` varchar(122) NOT NULL,
  `U_PASS` varchar(122) NOT NULL,
  `U_ROLE` varchar(30) NOT NULL,
  `USERIMAGE` varchar(255) NOT NULL
) ENGINE=InnoDB DEFAULT CHARSET=latin1 COLLATE=latin1_swedish_ci;

--
-- Dumping data for table `tbluseraccount`
--

INSERT INTO `tbluseraccount` (`USERID`, `U_NAME`, `U_USERNAME`, `U_PASS`, `U_ROLE`, `USERIMAGE`) VALUES
(124, 'Kenjie Palacios', 'kenjie', '4752fe635442d048e8e8d2d1d845e6a578f30470', 'Administrator', 'photos/COC-war-base-design.jpg'),
(126, 'Janobe Palacios', 'janobe', 'd033e22ae348aeb5660fc2140aec35850c4da997', 'Administrator', 'photos/10329236_874204835938922_6636897990257224477_n.jpg'),
(127, 'Craig Palacios', 'craig', 'd033e22ae348aeb5660fc2140aec35850c4da997', 'Administrator', '');

-- --------------------------------------------------------

--
-- Table structure for table `tblwishlist`
--

CREATE TABLE `tblwishlist` (
  `id` int(11) NOT NULL,
  `CUSID` int(11) NOT NULL,
  `PROID` int(11) NOT NULL,
  `WISHDATE` date NOT NULL,
  `WISHSTATS` text NOT NULL
) ENGINE=InnoDB DEFAULT CHARSET=latin1 COLLATE=latin1_swedish_ci;

--
-- Dumping data for table `tblwishlist`
--

INSERT INTO `tblwishlist` (`id`, `CUSID`, `PROID`, `WISHDATE`, `WISHSTATS`) VALUES
(2, 9, 201742, '2019-08-21', '0');

--
-- Indexes for dumped tables
--

--
-- Indexes for table `messagein`
--
ALTER TABLE `messagein`
  ADD PRIMARY KEY (`Id`);

--
-- Indexes for table `messagelog`
--
ALTER TABLE `messagelog`
  ADD PRIMARY KEY (`Id`),
  ADD KEY `IDX_MessageId` (`MessageId`,`SendTime`);

--
-- Indexes for table `messageout`
--
ALTER TABLE `messageout`
  ADD PRIMARY KEY (`Id`),
  ADD KEY `IDX_IsRead` (`IsRead`);

--
-- Indexes for table `tblautonumber`
--
ALTER TABLE `tblautonumber`
  ADD PRIMARY KEY (`ID`);

--
-- Indexes for table `tblcategory`
--
ALTER TABLE `tblcategory`
  ADD PRIMARY KEY (`CATEGID`);

--
-- Indexes for table `tblcustomer`
--
ALTER TABLE `tblcustomer`
  ADD PRIMARY KEY (`CUSTOMERID`);

--
-- Indexes for table `tblorder`
--
ALTER TABLE `tblorder`
  ADD PRIMARY KEY (`ORDERID`),
  ADD KEY `USERID` (`USERID`),
  ADD KEY `PROID` (`PROID`),
  ADD KEY `ORDEREDNUM` (`ORDEREDNUM`);

--
-- Indexes for table `tblproduct`
--
ALTER TABLE `tblproduct`
  ADD PRIMARY KEY (`PROID`),
  ADD KEY `CATEGID` (`CATEGID`);

--
-- Indexes for table `tblpromopro`
--
ALTER TABLE `tblpromopro`
  ADD PRIMARY KEY (`PROMOID`),
  ADD UNIQUE KEY `PROID` (`PROID`);

--
-- Indexes for table `tblsetting`
--
ALTER TABLE `tblsetting`
  ADD PRIMARY KEY (`SETTINGID`);

--
-- Indexes for table `tblstockin`
--
ALTER TABLE `tblstockin`
  ADD PRIMARY KEY (`STOCKINID`),
  ADD KEY `PROID` (`PROID`,`USERID`),
  ADD KEY `USERID` (`USERID`);

--
-- Indexes for table `tblsummary`
--
ALTER TABLE `tblsummary`
  ADD PRIMARY KEY (`SUMMARYID`),
  ADD UNIQUE KEY `ORDEREDNUM` (`ORDEREDNUM`),
  ADD KEY `CUSTOMERID` (`CUSTOMERID`),
  ADD KEY `USERID` (`USERID`);

--
-- Indexes for table `tbluseraccount`
--
ALTER TABLE `tbluseraccount`
  ADD PRIMARY KEY (`USERID`);

--
-- Indexes for table `tblwishlist`
--
ALTER TABLE `tblwishlist`
  ADD PRIMARY KEY (`id`);

--
-- AUTO_INCREMENT for dumped tables
--

--
-- AUTO_INCREMENT for table `messagein`
--
ALTER TABLE `messagein`
  MODIFY `Id` int(11) NOT NULL AUTO_INCREMENT, AUTO_INCREMENT=7;

--
-- AUTO_INCREMENT for table `messagelog`
--
ALTER TABLE `messagelog`
  MODIFY `Id` int(11) NOT NULL AUTO_INCREMENT, AUTO_INCREMENT=28;

--
-- AUTO_INCREMENT for table `messageout`
--
ALTER TABLE `messageout`
  MODIFY `Id` int(11) NOT NULL AUTO_INCREMENT;

--
-- AUTO_INCREMENT for table `tblautonumber`
--
ALTER TABLE `tblautonumber`
  MODIFY `ID` int(11) NOT NULL AUTO_INCREMENT, AUTO_INCREMENT=3;

--
-- AUTO_INCREMENT for table `tblcategory`
--
ALTER TABLE `tblcategory`
  MODIFY `CATEGID` int(11) NOT NULL AUTO_INCREMENT, AUTO_INCREMENT=20;

--
-- AUTO_INCREMENT for table `tblcustomer`
--
ALTER TABLE `tblcustomer`
  MODIFY `CUSTOMERID` int(11) NOT NULL AUTO_INCREMENT, AUTO_INCREMENT=10;

--
-- AUTO_INCREMENT for table `tblorder`
--
ALTER TABLE `tblorder`
  MODIFY `ORDERID` int(11) NOT NULL AUTO_INCREMENT, AUTO_INCREMENT=4;

--
-- AUTO_INCREMENT for table `tblpromopro`
--
ALTER TABLE `tblpromopro`
  MODIFY `PROMOID` int(11) NOT NULL AUTO_INCREMENT, AUTO_INCREMENT=7;

--
-- AUTO_INCREMENT for table `tblsetting`
--
ALTER TABLE `tblsetting`
  MODIFY `SETTINGID` int(11) NOT NULL AUTO_INCREMENT, AUTO_INCREMENT=3;

--
-- AUTO_INCREMENT for table `tblstockin`
--
ALTER TABLE `tblstockin`
  MODIFY `STOCKINID` int(11) NOT NULL AUTO_INCREMENT, AUTO_INCREMENT=8;

--
-- AUTO_INCREMENT for table `tblsummary`
--
ALTER TABLE `tblsummary`
  MODIFY `SUMMARYID` int(11) NOT NULL AUTO_INCREMENT, AUTO_INCREMENT=4;

--
-- AUTO_INCREMENT for table `tbluseraccount`
--
ALTER TABLE `tbluseraccount`
  MODIFY `USERID` int(11) NOT NULL AUTO_INCREMENT, AUTO_INCREMENT=128;

--
-- AUTO_INCREMENT for table `tblwishlist`
--
ALTER TABLE `tblwishlist`
  MODIFY `id` int(11) NOT NULL AUTO_INCREMENT, AUTO_INCREMENT=3;
--
-- Database: `db_host`
--
CREATE DATABASE IF NOT EXISTS `db_host` DEFAULT CHARACTER SET utf8mb4 COLLATE utf8mb4_general_ci;
USE `db_host`;
--
-- Database: `phpmyadmin`
--
CREATE DATABASE IF NOT EXISTS `phpmyadmin` DEFAULT CHARACTER SET utf8 COLLATE utf8_bin;
USE `phpmyadmin`;

-- --------------------------------------------------------

--
-- Table structure for table `pma__bookmark`
--

CREATE TABLE `pma__bookmark` (
  `id` int(10) UNSIGNED NOT NULL,
  `dbase` varchar(255) NOT NULL DEFAULT '',
  `user` varchar(255) NOT NULL DEFAULT '',
  `label` varchar(255) CHARACTER SET utf8 COLLATE utf8_general_ci NOT NULL DEFAULT '',
  `query` text NOT NULL
) ENGINE=InnoDB DEFAULT CHARSET=utf8 COLLATE=utf8_bin COMMENT='Bookmarks';

-- --------------------------------------------------------

--
-- Table structure for table `pma__central_columns`
--

CREATE TABLE `pma__central_columns` (
  `db_name` varchar(64) NOT NULL,
  `col_name` varchar(64) NOT NULL,
  `col_type` varchar(64) NOT NULL,
  `col_length` text DEFAULT NULL,
  `col_collation` varchar(64) NOT NULL,
  `col_isNull` tinyint(1) NOT NULL,
  `col_extra` varchar(255) DEFAULT '',
  `col_default` text DEFAULT NULL
) ENGINE=InnoDB DEFAULT CHARSET=utf8 COLLATE=utf8_bin COMMENT='Central list of columns';

-- --------------------------------------------------------

--
-- Table structure for table `pma__column_info`
--

CREATE TABLE `pma__column_info` (
  `id` int(5) UNSIGNED NOT NULL,
  `db_name` varchar(64) NOT NULL DEFAULT '',
  `table_name` varchar(64) NOT NULL DEFAULT '',
  `column_name` varchar(64) NOT NULL DEFAULT '',
  `comment` varchar(255) CHARACTER SET utf8 COLLATE utf8_general_ci NOT NULL DEFAULT '',
  `mimetype` varchar(255) CHARACTER SET utf8 COLLATE utf8_general_ci NOT NULL DEFAULT '',
  `transformation` varchar(255) NOT NULL DEFAULT '',
  `transformation_options` varchar(255) NOT NULL DEFAULT '',
  `input_transformation` varchar(255) NOT NULL DEFAULT '',
  `input_transformation_options` varchar(255) NOT NULL DEFAULT ''
) ENGINE=InnoDB DEFAULT CHARSET=utf8 COLLATE=utf8_bin COMMENT='Column information for phpMyAdmin';

-- --------------------------------------------------------

--
-- Table structure for table `pma__designer_settings`
--

CREATE TABLE `pma__designer_settings` (
  `username` varchar(64) NOT NULL,
  `settings_data` text NOT NULL
) ENGINE=InnoDB DEFAULT CHARSET=utf8 COLLATE=utf8_bin COMMENT='Settings related to Designer';

-- --------------------------------------------------------

--
-- Table structure for table `pma__export_templates`
--

CREATE TABLE `pma__export_templates` (
  `id` int(5) UNSIGNED NOT NULL,
  `username` varchar(64) NOT NULL,
  `export_type` varchar(10) NOT NULL,
  `template_name` varchar(64) NOT NULL,
  `template_data` text NOT NULL
) ENGINE=InnoDB DEFAULT CHARSET=utf8 COLLATE=utf8_bin COMMENT='Saved export templates';

-- --------------------------------------------------------

--
-- Table structure for table `pma__favorite`
--

CREATE TABLE `pma__favorite` (
  `username` varchar(64) NOT NULL,
  `tables` text NOT NULL
) ENGINE=InnoDB DEFAULT CHARSET=utf8 COLLATE=utf8_bin COMMENT='Favorite tables';

-- --------------------------------------------------------

--
-- Table structure for table `pma__history`
--

CREATE TABLE `pma__history` (
  `id` bigint(20) UNSIGNED NOT NULL,
  `username` varchar(64) NOT NULL DEFAULT '',
  `db` varchar(64) NOT NULL DEFAULT '',
  `table` varchar(64) NOT NULL DEFAULT '',
  `timevalue` timestamp NOT NULL DEFAULT current_timestamp(),
  `sqlquery` text NOT NULL
) ENGINE=InnoDB DEFAULT CHARSET=utf8 COLLATE=utf8_bin COMMENT='SQL history for phpMyAdmin';

-- --------------------------------------------------------

--
-- Table structure for table `pma__navigationhiding`
--

CREATE TABLE `pma__navigationhiding` (
  `username` varchar(64) NOT NULL,
  `item_name` varchar(64) NOT NULL,
  `item_type` varchar(64) NOT NULL,
  `db_name` varchar(64) NOT NULL,
  `table_name` varchar(64) NOT NULL
) ENGINE=InnoDB DEFAULT CHARSET=utf8 COLLATE=utf8_bin COMMENT='Hidden items of navigation tree';

--
-- Dumping data for table `pma__navigationhiding`
--

INSERT INTO `pma__navigationhiding` (`username`, `item_name`, `item_type`, `db_name`, `table_name`) VALUES
('root', 'messagein', 'table', 'db_ecommerce', ''),
('root', 'messagelog', 'table', 'db_ecommerce', ''),
('root', 'tblcategory', 'table', 'db_ecommerce', '');

-- --------------------------------------------------------

--
-- Table structure for table `pma__pdf_pages`
--

CREATE TABLE `pma__pdf_pages` (
  `db_name` varchar(64) NOT NULL DEFAULT '',
  `page_nr` int(10) UNSIGNED NOT NULL,
  `page_descr` varchar(50) CHARACTER SET utf8 COLLATE utf8_general_ci NOT NULL DEFAULT ''
) ENGINE=InnoDB DEFAULT CHARSET=utf8 COLLATE=utf8_bin COMMENT='PDF relation pages for phpMyAdmin';

-- --------------------------------------------------------

--
-- Table structure for table `pma__recent`
--

CREATE TABLE `pma__recent` (
  `username` varchar(64) NOT NULL,
  `tables` text NOT NULL
) ENGINE=InnoDB DEFAULT CHARSET=utf8 COLLATE=utf8_bin COMMENT='Recently accessed tables';

--
-- Dumping data for table `pma__recent`
--

INSERT INTO `pma__recent` (`username`, `tables`) VALUES
('root', '[{\"db\":\"product_management\",\"table\":\"products\"},{\"db\":\"products_server\",\"table\":\"products\"},{\"db\":\"db_ecommerce\",\"table\":\"tblproduct\"},{\"db\":\"db_ecommerce\",\"table\":\"tblsummary\"},{\"db\":\"db_ecommerce\",\"table\":\"tblcategory\"},{\"db\":\"db_ecommerce\",\"table\":\"messagein\"},{\"db\":\"db_ecommerce\",\"table\":\"tblautonumber\"},{\"db\":\"db_ecommerce\",\"table\":\"tblcustomer\"},{\"db\":\"db_ecommerce\",\"table\":\"messagelog\"}]');

-- --------------------------------------------------------

--
-- Table structure for table `pma__relation`
--

CREATE TABLE `pma__relation` (
  `master_db` varchar(64) NOT NULL DEFAULT '',
  `master_table` varchar(64) NOT NULL DEFAULT '',
  `master_field` varchar(64) NOT NULL DEFAULT '',
  `foreign_db` varchar(64) NOT NULL DEFAULT '',
  `foreign_table` varchar(64) NOT NULL DEFAULT '',
  `foreign_field` varchar(64) NOT NULL DEFAULT ''
) ENGINE=InnoDB DEFAULT CHARSET=utf8 COLLATE=utf8_bin COMMENT='Relation table';

-- --------------------------------------------------------

--
-- Table structure for table `pma__savedsearches`
--

CREATE TABLE `pma__savedsearches` (
  `id` int(5) UNSIGNED NOT NULL,
  `username` varchar(64) NOT NULL DEFAULT '',
  `db_name` varchar(64) NOT NULL DEFAULT '',
  `search_name` varchar(64) NOT NULL DEFAULT '',
  `search_data` text NOT NULL
) ENGINE=InnoDB DEFAULT CHARSET=utf8 COLLATE=utf8_bin COMMENT='Saved searches';

-- --------------------------------------------------------

--
-- Table structure for table `pma__table_coords`
--

CREATE TABLE `pma__table_coords` (
  `db_name` varchar(64) NOT NULL DEFAULT '',
  `table_name` varchar(64) NOT NULL DEFAULT '',
  `pdf_page_number` int(11) NOT NULL DEFAULT 0,
  `x` float UNSIGNED NOT NULL DEFAULT 0,
  `y` float UNSIGNED NOT NULL DEFAULT 0
) ENGINE=InnoDB DEFAULT CHARSET=utf8 COLLATE=utf8_bin COMMENT='Table coordinates for phpMyAdmin PDF output';

-- --------------------------------------------------------

--
-- Table structure for table `pma__table_info`
--

CREATE TABLE `pma__table_info` (
  `db_name` varchar(64) NOT NULL DEFAULT '',
  `table_name` varchar(64) NOT NULL DEFAULT '',
  `display_field` varchar(64) NOT NULL DEFAULT ''
) ENGINE=InnoDB DEFAULT CHARSET=utf8 COLLATE=utf8_bin COMMENT='Table information for phpMyAdmin';

-- --------------------------------------------------------

--
-- Table structure for table `pma__table_uiprefs`
--

CREATE TABLE `pma__table_uiprefs` (
  `username` varchar(64) NOT NULL,
  `db_name` varchar(64) NOT NULL,
  `table_name` varchar(64) NOT NULL,
  `prefs` text NOT NULL,
  `last_update` timestamp NOT NULL DEFAULT current_timestamp() ON UPDATE current_timestamp()
) ENGINE=InnoDB DEFAULT CHARSET=utf8 COLLATE=utf8_bin COMMENT='Tables'' UI preferences';

--
-- Dumping data for table `pma__table_uiprefs`
--

INSERT INTO `pma__table_uiprefs` (`username`, `db_name`, `table_name`, `prefs`, `last_update`) VALUES
('root', 'db_ecommerce', 'tblproduct', '{\"sorted_col\":\"`tblproduct`.`IMAGES` ASC\"}', '2023-03-16 15:37:35');

-- --------------------------------------------------------

--
-- Table structure for table `pma__tracking`
--

CREATE TABLE `pma__tracking` (
  `db_name` varchar(64) NOT NULL,
  `table_name` varchar(64) NOT NULL,
  `version` int(10) UNSIGNED NOT NULL,
  `date_created` datetime NOT NULL,
  `date_updated` datetime NOT NULL,
  `schema_snapshot` text NOT NULL,
  `schema_sql` text DEFAULT NULL,
  `data_sql` longtext DEFAULT NULL,
  `tracking` set('UPDATE','REPLACE','INSERT','DELETE','TRUNCATE','CREATE DATABASE','ALTER DATABASE','DROP DATABASE','CREATE TABLE','ALTER TABLE','RENAME TABLE','DROP TABLE','CREATE INDEX','DROP INDEX','CREATE VIEW','ALTER VIEW','DROP VIEW') DEFAULT NULL,
  `tracking_active` int(1) UNSIGNED NOT NULL DEFAULT 1
) ENGINE=InnoDB DEFAULT CHARSET=utf8 COLLATE=utf8_bin COMMENT='Database changes tracking for phpMyAdmin';

--
-- Dumping data for table `pma__tracking`
--

INSERT INTO `pma__tracking` (`db_name`, `table_name`, `version`, `date_created`, `date_updated`, `schema_snapshot`, `schema_sql`, `data_sql`, `tracking`, `tracking_active`) VALUES
('db_ecommerce', 'tblproduct', 1, '2023-03-16 16:42:00', '2023-03-16 16:42:00', 'a:2:{s:7:\"COLUMNS\";a:11:{i:0;a:8:{s:5:\"Field\";s:5:\"PROID\";s:4:\"Type\";s:7:\"int(11)\";s:9:\"Collation\";N;s:4:\"Null\";s:2:\"NO\";s:3:\"Key\";s:3:\"PRI\";s:7:\"Default\";N;s:5:\"Extra\";s:0:\"\";s:7:\"Comment\";s:0:\"\";}i:1;a:8:{s:5:\"Field\";s:7:\"PRODESC\";s:4:\"Type\";s:12:\"varchar(255)\";s:9:\"Collation\";s:17:\"latin1_swedish_ci\";s:4:\"Null\";s:3:\"YES\";s:3:\"Key\";s:0:\"\";s:7:\"Default\";N;s:5:\"Extra\";s:0:\"\";s:7:\"Comment\";s:0:\"\";}i:2;a:8:{s:5:\"Field\";s:11:\"INGREDIENTS\";s:4:\"Type\";s:12:\"varchar(255)\";s:9:\"Collation\";s:17:\"latin1_swedish_ci\";s:4:\"Null\";s:2:\"NO\";s:3:\"Key\";s:0:\"\";s:7:\"Default\";N;s:5:\"Extra\";s:0:\"\";s:7:\"Comment\";s:0:\"\";}i:3;a:8:{s:5:\"Field\";s:6:\"PROQTY\";s:4:\"Type\";s:7:\"int(11)\";s:9:\"Collation\";N;s:4:\"Null\";s:3:\"YES\";s:3:\"Key\";s:0:\"\";s:7:\"Default\";N;s:5:\"Extra\";s:0:\"\";s:7:\"Comment\";s:0:\"\";}i:4;a:8:{s:5:\"Field\";s:13:\"ORIGINALPRICE\";s:4:\"Type\";s:6:\"double\";s:9:\"Collation\";N;s:4:\"Null\";s:2:\"NO\";s:3:\"Key\";s:0:\"\";s:7:\"Default\";N;s:5:\"Extra\";s:0:\"\";s:7:\"Comment\";s:0:\"\";}i:5;a:8:{s:5:\"Field\";s:8:\"PROPRICE\";s:4:\"Type\";s:6:\"double\";s:9:\"Collation\";N;s:4:\"Null\";s:3:\"YES\";s:3:\"Key\";s:0:\"\";s:7:\"Default\";N;s:5:\"Extra\";s:0:\"\";s:7:\"Comment\";s:0:\"\";}i:6;a:8:{s:5:\"Field\";s:7:\"CATEGID\";s:4:\"Type\";s:7:\"int(11)\";s:9:\"Collation\";N;s:4:\"Null\";s:3:\"YES\";s:3:\"Key\";s:3:\"MUL\";s:7:\"Default\";N;s:5:\"Extra\";s:0:\"\";s:7:\"Comment\";s:0:\"\";}i:7;a:8:{s:5:\"Field\";s:6:\"IMAGES\";s:4:\"Type\";s:12:\"varchar(255)\";s:9:\"Collation\";s:17:\"latin1_swedish_ci\";s:4:\"Null\";s:3:\"YES\";s:3:\"Key\";s:0:\"\";s:7:\"Default\";N;s:5:\"Extra\";s:0:\"\";s:7:\"Comment\";s:0:\"\";}i:8;a:8:{s:5:\"Field\";s:8:\"PROSTATS\";s:4:\"Type\";s:11:\"varchar(30)\";s:9:\"Collation\";s:17:\"latin1_swedish_ci\";s:4:\"Null\";s:3:\"YES\";s:3:\"Key\";s:0:\"\";s:7:\"Default\";N;s:5:\"Extra\";s:0:\"\";s:7:\"Comment\";s:0:\"\";}i:9;a:8:{s:5:\"Field\";s:9:\"OWNERNAME\";s:4:\"Type\";s:11:\"varchar(90)\";s:9:\"Collation\";s:17:\"latin1_swedish_ci\";s:4:\"Null\";s:2:\"NO\";s:3:\"Key\";s:0:\"\";s:7:\"Default\";N;s:5:\"Extra\";s:0:\"\";s:7:\"Comment\";s:0:\"\";}i:10;a:8:{s:5:\"Field\";s:10:\"OWNERPHONE\";s:4:\"Type\";s:11:\"varchar(90)\";s:9:\"Collation\";s:17:\"latin1_swedish_ci\";s:4:\"Null\";s:2:\"NO\";s:3:\"Key\";s:0:\"\";s:7:\"Default\";N;s:5:\"Extra\";s:0:\"\";s:7:\"Comment\";s:0:\"\";}}s:7:\"INDEXES\";a:2:{i:0;a:13:{s:5:\"Table\";s:10:\"tblproduct\";s:10:\"Non_unique\";s:1:\"0\";s:8:\"Key_name\";s:7:\"PRIMARY\";s:12:\"Seq_in_index\";s:1:\"1\";s:11:\"Column_name\";s:5:\"PROID\";s:9:\"Collation\";s:1:\"A\";s:11:\"Cardinality\";s:1:\"6\";s:8:\"Sub_part\";N;s:6:\"Packed\";N;s:4:\"Null\";s:0:\"\";s:10:\"Index_type\";s:5:\"BTREE\";s:7:\"Comment\";s:0:\"\";s:13:\"Index_comment\";s:0:\"\";}i:1;a:13:{s:5:\"Table\";s:10:\"tblproduct\";s:10:\"Non_unique\";s:1:\"1\";s:8:\"Key_name\";s:7:\"CATEGID\";s:12:\"Seq_in_index\";s:1:\"1\";s:11:\"Column_name\";s:7:\"CATEGID\";s:9:\"Collation\";s:1:\"A\";s:11:\"Cardinality\";s:1:\"6\";s:8:\"Sub_part\";N;s:6:\"Packed\";N;s:4:\"Null\";s:3:\"YES\";s:10:\"Index_type\";s:5:\"BTREE\";s:7:\"Comment\";s:0:\"\";s:13:\"Index_comment\";s:0:\"\";}}}', '# log 2023-03-16 16:42:00 root\nDROP TABLE IF EXISTS `tblproduct`;\n# log 2023-03-16 16:42:00 root\n\nCREATE TABLE `tblproduct` (\n  `PROID` int(11) NOT NULL,\n  `PRODESC` varchar(255) DEFAULT NULL,\n  `INGREDIENTS` varchar(255) NOT NULL,\n  `PROQTY` int(11) DEFAULT NULL,\n  `ORIGINALPRICE` double NOT NULL,\n  `PROPRICE` double DEFAULT NULL,\n  `CATEGID` int(11) DEFAULT NULL,\n  `IMAGES` varchar(255) DEFAULT NULL,\n  `PROSTATS` varchar(30) DEFAULT NULL,\n  `OWNERNAME` varchar(90) NOT NULL,\n  `OWNERPHONE` varchar(90) NOT NULL\n) ENGINE=InnoDB DEFAULT CHARSET=latin1 COLLATE=latin1_swedish_ci;\n', '\n', 'UPDATE,INSERT,DELETE,TRUNCATE,CREATE TABLE,ALTER TABLE,RENAME TABLE,DROP TABLE,CREATE INDEX,DROP INDEX', 1),
('db_ecommerce', 'tblsummary', 1, '2023-03-16 16:40:36', '2023-03-16 16:40:36', 'a:2:{s:7:\"COLUMNS\";a:12:{i:0;a:8:{s:5:\"Field\";s:9:\"SUMMARYID\";s:4:\"Type\";s:7:\"int(11)\";s:9:\"Collation\";N;s:4:\"Null\";s:2:\"NO\";s:3:\"Key\";s:3:\"PRI\";s:7:\"Default\";N;s:5:\"Extra\";s:14:\"auto_increment\";s:7:\"Comment\";s:0:\"\";}i:1;a:8:{s:5:\"Field\";s:11:\"ORDEREDDATE\";s:4:\"Type\";s:8:\"datetime\";s:9:\"Collation\";N;s:4:\"Null\";s:2:\"NO\";s:3:\"Key\";s:0:\"\";s:7:\"Default\";N;s:5:\"Extra\";s:0:\"\";s:7:\"Comment\";s:0:\"\";}i:2;a:8:{s:5:\"Field\";s:10:\"CUSTOMERID\";s:4:\"Type\";s:7:\"int(11)\";s:9:\"Collation\";N;s:4:\"Null\";s:2:\"NO\";s:3:\"Key\";s:3:\"MUL\";s:7:\"Default\";N;s:5:\"Extra\";s:0:\"\";s:7:\"Comment\";s:0:\"\";}i:3;a:8:{s:5:\"Field\";s:10:\"ORDEREDNUM\";s:4:\"Type\";s:7:\"int(11)\";s:9:\"Collation\";N;s:4:\"Null\";s:2:\"NO\";s:3:\"Key\";s:3:\"UNI\";s:7:\"Default\";N;s:5:\"Extra\";s:0:\"\";s:7:\"Comment\";s:0:\"\";}i:4;a:8:{s:5:\"Field\";s:6:\"DELFEE\";s:4:\"Type\";s:6:\"double\";s:9:\"Collation\";N;s:4:\"Null\";s:2:\"NO\";s:3:\"Key\";s:0:\"\";s:7:\"Default\";N;s:5:\"Extra\";s:0:\"\";s:7:\"Comment\";s:0:\"\";}i:5;a:8:{s:5:\"Field\";s:7:\"PAYMENT\";s:4:\"Type\";s:6:\"double\";s:9:\"Collation\";N;s:4:\"Null\";s:2:\"NO\";s:3:\"Key\";s:0:\"\";s:7:\"Default\";N;s:5:\"Extra\";s:0:\"\";s:7:\"Comment\";s:0:\"\";}i:6;a:8:{s:5:\"Field\";s:13:\"PAYMENTMETHOD\";s:4:\"Type\";s:11:\"varchar(30)\";s:9:\"Collation\";s:17:\"latin1_swedish_ci\";s:4:\"Null\";s:2:\"NO\";s:3:\"Key\";s:0:\"\";s:7:\"Default\";N;s:5:\"Extra\";s:0:\"\";s:7:\"Comment\";s:0:\"\";}i:7;a:8:{s:5:\"Field\";s:12:\"ORDEREDSTATS\";s:4:\"Type\";s:11:\"varchar(30)\";s:9:\"Collation\";s:17:\"latin1_swedish_ci\";s:4:\"Null\";s:2:\"NO\";s:3:\"Key\";s:0:\"\";s:7:\"Default\";N;s:5:\"Extra\";s:0:\"\";s:7:\"Comment\";s:0:\"\";}i:8;a:8:{s:5:\"Field\";s:14:\"ORDEREDREMARKS\";s:4:\"Type\";s:12:\"varchar(125)\";s:9:\"Collation\";s:17:\"latin1_swedish_ci\";s:4:\"Null\";s:2:\"NO\";s:3:\"Key\";s:0:\"\";s:7:\"Default\";N;s:5:\"Extra\";s:0:\"\";s:7:\"Comment\";s:0:\"\";}i:9;a:8:{s:5:\"Field\";s:11:\"CLAIMEDADTE\";s:4:\"Type\";s:8:\"datetime\";s:9:\"Collation\";N;s:4:\"Null\";s:2:\"NO\";s:3:\"Key\";s:0:\"\";s:7:\"Default\";N;s:5:\"Extra\";s:0:\"\";s:7:\"Comment\";s:0:\"\";}i:10;a:8:{s:5:\"Field\";s:5:\"HVIEW\";s:4:\"Type\";s:10:\"tinyint(4)\";s:9:\"Collation\";N;s:4:\"Null\";s:2:\"NO\";s:3:\"Key\";s:0:\"\";s:7:\"Default\";N;s:5:\"Extra\";s:0:\"\";s:7:\"Comment\";s:0:\"\";}i:11;a:8:{s:5:\"Field\";s:6:\"USERID\";s:4:\"Type\";s:7:\"int(11)\";s:9:\"Collation\";N;s:4:\"Null\";s:2:\"NO\";s:3:\"Key\";s:3:\"MUL\";s:7:\"Default\";N;s:5:\"Extra\";s:0:\"\";s:7:\"Comment\";s:0:\"\";}}s:7:\"INDEXES\";a:4:{i:0;a:13:{s:5:\"Table\";s:10:\"tblsummary\";s:10:\"Non_unique\";s:1:\"0\";s:8:\"Key_name\";s:7:\"PRIMARY\";s:12:\"Seq_in_index\";s:1:\"1\";s:11:\"Column_name\";s:9:\"SUMMARYID\";s:9:\"Collation\";s:1:\"A\";s:11:\"Cardinality\";s:1:\"2\";s:8:\"Sub_part\";N;s:6:\"Packed\";N;s:4:\"Null\";s:0:\"\";s:10:\"Index_type\";s:5:\"BTREE\";s:7:\"Comment\";s:0:\"\";s:13:\"Index_comment\";s:0:\"\";}i:1;a:13:{s:5:\"Table\";s:10:\"tblsummary\";s:10:\"Non_unique\";s:1:\"0\";s:8:\"Key_name\";s:10:\"ORDEREDNUM\";s:12:\"Seq_in_index\";s:1:\"1\";s:11:\"Column_name\";s:10:\"ORDEREDNUM\";s:9:\"Collation\";s:1:\"A\";s:11:\"Cardinality\";s:1:\"2\";s:8:\"Sub_part\";N;s:6:\"Packed\";N;s:4:\"Null\";s:0:\"\";s:10:\"Index_type\";s:5:\"BTREE\";s:7:\"Comment\";s:0:\"\";s:13:\"Index_comment\";s:0:\"\";}i:2;a:13:{s:5:\"Table\";s:10:\"tblsummary\";s:10:\"Non_unique\";s:1:\"1\";s:8:\"Key_name\";s:10:\"CUSTOMERID\";s:12:\"Seq_in_index\";s:1:\"1\";s:11:\"Column_name\";s:10:\"CUSTOMERID\";s:9:\"Collation\";s:1:\"A\";s:11:\"Cardinality\";s:1:\"2\";s:8:\"Sub_part\";N;s:6:\"Packed\";N;s:4:\"Null\";s:0:\"\";s:10:\"Index_type\";s:5:\"BTREE\";s:7:\"Comment\";s:0:\"\";s:13:\"Index_comment\";s:0:\"\";}i:3;a:13:{s:5:\"Table\";s:10:\"tblsummary\";s:10:\"Non_unique\";s:1:\"1\";s:8:\"Key_name\";s:6:\"USERID\";s:12:\"Seq_in_index\";s:1:\"1\";s:11:\"Column_name\";s:6:\"USERID\";s:9:\"Collation\";s:1:\"A\";s:11:\"Cardinality\";s:1:\"2\";s:8:\"Sub_part\";N;s:6:\"Packed\";N;s:4:\"Null\";s:0:\"\";s:10:\"Index_type\";s:5:\"BTREE\";s:7:\"Comment\";s:0:\"\";s:13:\"Index_comment\";s:0:\"\";}}}', '# log 2023-03-16 16:40:36 root\nDROP TABLE IF EXISTS `tblsummary`;\n# log 2023-03-16 16:40:36 root\n\nCREATE TABLE `tblsummary` (\n  `SUMMARYID` int(11) NOT NULL,\n  `ORDEREDDATE` datetime NOT NULL,\n  `CUSTOMERID` int(11) NOT NULL,\n  `ORDEREDNUM` int(11) NOT NULL,\n  `DELFEE` double NOT NULL,\n  `PAYMENT` double NOT NULL,\n  `PAYMENTMETHOD` varchar(30) NOT NULL,\n  `ORDEREDSTATS` varchar(30) NOT NULL,\n  `ORDEREDREMARKS` varchar(125) NOT NULL,\n  `CLAIMEDADTE` datetime NOT NULL,\n  `HVIEW` tinyint(4) NOT NULL,\n  `USERID` int(11) NOT NULL\n) ENGINE=InnoDB DEFAULT CHARSET=latin1 COLLATE=latin1_swedish_ci;\n', '\n', 'UPDATE,INSERT,DELETE,TRUNCATE,CREATE TABLE,ALTER TABLE,RENAME TABLE,DROP TABLE,CREATE INDEX,DROP INDEX', 1);

-- --------------------------------------------------------

--
-- Table structure for table `pma__userconfig`
--

CREATE TABLE `pma__userconfig` (
  `username` varchar(64) NOT NULL,
  `timevalue` timestamp NOT NULL DEFAULT current_timestamp() ON UPDATE current_timestamp(),
  `config_data` text NOT NULL
) ENGINE=InnoDB DEFAULT CHARSET=utf8 COLLATE=utf8_bin COMMENT='User preferences storage for phpMyAdmin';

--
-- Dumping data for table `pma__userconfig`
--

INSERT INTO `pma__userconfig` (`username`, `timevalue`, `config_data`) VALUES
('root', '2023-08-24 21:19:31', '{\"Console\\/Mode\":\"show\",\"Console\\/Height\":18.96379,\"Server\\/hide_db\":\"\",\"Server\\/only_db\":\"\"}');

-- --------------------------------------------------------

--
-- Table structure for table `pma__usergroups`
--

CREATE TABLE `pma__usergroups` (
  `usergroup` varchar(64) NOT NULL,
  `tab` varchar(64) NOT NULL,
  `allowed` enum('Y','N') NOT NULL DEFAULT 'N'
) ENGINE=InnoDB DEFAULT CHARSET=utf8 COLLATE=utf8_bin COMMENT='User groups with configured menu items';

-- --------------------------------------------------------

--
-- Table structure for table `pma__users`
--

CREATE TABLE `pma__users` (
  `username` varchar(64) NOT NULL,
  `usergroup` varchar(64) NOT NULL
) ENGINE=InnoDB DEFAULT CHARSET=utf8 COLLATE=utf8_bin COMMENT='Users and their assignments to user groups';

--
-- Indexes for dumped tables
--

--
-- Indexes for table `pma__bookmark`
--
ALTER TABLE `pma__bookmark`
  ADD PRIMARY KEY (`id`);

--
-- Indexes for table `pma__central_columns`
--
ALTER TABLE `pma__central_columns`
  ADD PRIMARY KEY (`db_name`,`col_name`);

--
-- Indexes for table `pma__column_info`
--
ALTER TABLE `pma__column_info`
  ADD PRIMARY KEY (`id`),
  ADD UNIQUE KEY `db_name` (`db_name`,`table_name`,`column_name`);

--
-- Indexes for table `pma__designer_settings`
--
ALTER TABLE `pma__designer_settings`
  ADD PRIMARY KEY (`username`);

--
-- Indexes for table `pma__export_templates`
--
ALTER TABLE `pma__export_templates`
  ADD PRIMARY KEY (`id`),
  ADD UNIQUE KEY `u_user_type_template` (`username`,`export_type`,`template_name`);

--
-- Indexes for table `pma__favorite`
--
ALTER TABLE `pma__favorite`
  ADD PRIMARY KEY (`username`);

--
-- Indexes for table `pma__history`
--
ALTER TABLE `pma__history`
  ADD PRIMARY KEY (`id`),
  ADD KEY `username` (`username`,`db`,`table`,`timevalue`);

--
-- Indexes for table `pma__navigationhiding`
--
ALTER TABLE `pma__navigationhiding`
  ADD PRIMARY KEY (`username`,`item_name`,`item_type`,`db_name`,`table_name`);

--
-- Indexes for table `pma__pdf_pages`
--
ALTER TABLE `pma__pdf_pages`
  ADD PRIMARY KEY (`page_nr`),
  ADD KEY `db_name` (`db_name`);

--
-- Indexes for table `pma__recent`
--
ALTER TABLE `pma__recent`
  ADD PRIMARY KEY (`username`);

--
-- Indexes for table `pma__relation`
--
ALTER TABLE `pma__relation`
  ADD PRIMARY KEY (`master_db`,`master_table`,`master_field`),
  ADD KEY `foreign_field` (`foreign_db`,`foreign_table`);

--
-- Indexes for table `pma__savedsearches`
--
ALTER TABLE `pma__savedsearches`
  ADD PRIMARY KEY (`id`),
  ADD UNIQUE KEY `u_savedsearches_username_dbname` (`username`,`db_name`,`search_name`);

--
-- Indexes for table `pma__table_coords`
--
ALTER TABLE `pma__table_coords`
  ADD PRIMARY KEY (`db_name`,`table_name`,`pdf_page_number`);

--
-- Indexes for table `pma__table_info`
--
ALTER TABLE `pma__table_info`
  ADD PRIMARY KEY (`db_name`,`table_name`);

--
-- Indexes for table `pma__table_uiprefs`
--
ALTER TABLE `pma__table_uiprefs`
  ADD PRIMARY KEY (`username`,`db_name`,`table_name`);

--
-- Indexes for table `pma__tracking`
--
ALTER TABLE `pma__tracking`
  ADD PRIMARY KEY (`db_name`,`table_name`,`version`);

--
-- Indexes for table `pma__userconfig`
--
ALTER TABLE `pma__userconfig`
  ADD PRIMARY KEY (`username`);

--
-- Indexes for table `pma__usergroups`
--
ALTER TABLE `pma__usergroups`
  ADD PRIMARY KEY (`usergroup`,`tab`,`allowed`);

--
-- Indexes for table `pma__users`
--
ALTER TABLE `pma__users`
  ADD PRIMARY KEY (`username`,`usergroup`);

--
-- AUTO_INCREMENT for dumped tables
--

--
-- AUTO_INCREMENT for table `pma__bookmark`
--
ALTER TABLE `pma__bookmark`
  MODIFY `id` int(10) UNSIGNED NOT NULL AUTO_INCREMENT;

--
-- AUTO_INCREMENT for table `pma__column_info`
--
ALTER TABLE `pma__column_info`
  MODIFY `id` int(5) UNSIGNED NOT NULL AUTO_INCREMENT;

--
-- AUTO_INCREMENT for table `pma__export_templates`
--
ALTER TABLE `pma__export_templates`
  MODIFY `id` int(5) UNSIGNED NOT NULL AUTO_INCREMENT;

--
-- AUTO_INCREMENT for table `pma__history`
--
ALTER TABLE `pma__history`
  MODIFY `id` bigint(20) UNSIGNED NOT NULL AUTO_INCREMENT;

--
-- AUTO_INCREMENT for table `pma__pdf_pages`
--
ALTER TABLE `pma__pdf_pages`
  MODIFY `page_nr` int(10) UNSIGNED NOT NULL AUTO_INCREMENT;

--
-- AUTO_INCREMENT for table `pma__savedsearches`
--
ALTER TABLE `pma__savedsearches`
  MODIFY `id` int(5) UNSIGNED NOT NULL AUTO_INCREMENT;
--
-- Database: `products_server`
--
CREATE DATABASE IF NOT EXISTS `products_server` DEFAULT CHARACTER SET utf8mb4 COLLATE utf8mb4_general_ci;
USE `products_server`;

-- --------------------------------------------------------

--
-- Table structure for table `products`
--

CREATE TABLE `products` (
  `sku` varchar(255) NOT NULL,
  `name` varchar(255) NOT NULL,
  `price` float NOT NULL,
  `type` varchar(255) NOT NULL,
  `value` varchar(255) NOT NULL
) ENGINE=InnoDB DEFAULT CHARSET=utf8 COLLATE=utf8_bin;

--
-- Dumping data for table `products`
--

INSERT INTO `products` (`sku`, `name`, `price`, `type`, `value`) VALUES
('SSVD1999', 'BORN A CRIME', 16.5, 'Book', 'Weight: 2 KG'),
('STC00134', 'SONY DISC', 3, 'DVD', 'Size: 1,2 GB'),
('VRC1884', 'Chest of Drawer', 40, 'Furniture', 'Dimensions: 120x47x112 CM');

--
-- Indexes for dumped tables
--

--
-- Indexes for table `products`
--
ALTER TABLE `products`
  ADD PRIMARY KEY (`sku`);
--
-- Database: `product_management`
--
CREATE DATABASE IF NOT EXISTS `product_management` DEFAULT CHARACTER SET utf8mb4 COLLATE utf8mb4_general_ci;
USE `product_management`;

-- --------------------------------------------------------

--
-- Table structure for table `products`
--

CREATE TABLE `products` (
  `id` int(11) NOT NULL,
  `sku` varchar(50) NOT NULL,
  `name` varchar(255) NOT NULL,
  `price` decimal(10,2) NOT NULL,
  `image_path` varchar(255) NOT NULL,
  `description` text DEFAULT NULL
) ENGINE=InnoDB DEFAULT CHARSET=utf8mb4 COLLATE=utf8mb4_general_ci;

--
-- Dumping data for table `products`
--

INSERT INTO `products` (`id`, `sku`, `name`, `price`, `image_path`, `description`) VALUES
(11, '002', 'Classic Drawer', '450.00', 'images/Chest_4Drawer_Lodi_Oak-9635-Edit.jpg', 'Classic drawer limited edition'),
(15, '003', 'SleeperCouch', '350.67', 'images/SleeperCouch_Velvet_Alf_DarkGrey-0079.jpg', 'Velvet Dark Gray Classic sleeper couch'),
(16, '004', 'Pedestal Monza', '340.00', 'images/Pedestal_Monza_1Drawer_Brown-DarkGrey-651-Edit.jpg', 'Dark gray limited ediion'),
(17, '005', 'Pedestal Monza', '339.00', 'images/Pedestal_Monza_1Drawer_Oak-White-640.jpg', 'Pedestal Monza Classic limited edition'),
(18, '006', 'Pedestal Sorrento', '250.00', 'images/Pedestal_Sorrento_1Drawer_Brown-DarkGrey-670-Edit.jpg', 'Classic Pedestal Sorrento limited edition'),
(19, '007', 'Pedestal Monza', '460.00', 'images/Pedestal_Monza_1Drawer_Oak-White-637.jpg', 'Velvet Classic Pedestal Monza'),
(20, '008', 'SleeperCouch', '340.00', 'images/SleeperCouch_Velvet_Alf_DarkGrey-0072.jpg', 'Dark gray limited ediion');

--
-- Indexes for dumped tables
--

--
-- Indexes for table `products`
--
ALTER TABLE `products`
  ADD PRIMARY KEY (`id`);

--
-- AUTO_INCREMENT for dumped tables
--

--
-- AUTO_INCREMENT for table `products`
--
ALTER TABLE `products`
  MODIFY `id` int(11) NOT NULL AUTO_INCREMENT, AUTO_INCREMENT=23;
--
-- Database: `test`
--
CREATE DATABASE IF NOT EXISTS `test` DEFAULT CHARACTER SET latin1 COLLATE latin1_swedish_ci;
USE `test`;
COMMIT;

/*!40101 SET CHARACTER_SET_CLIENT=@OLD_CHARACTER_SET_CLIENT */;
/*!40101 SET CHARACTER_SET_RESULTS=@OLD_CHARACTER_SET_RESULTS */;
/*!40101 SET COLLATION_CONNECTION=@OLD_COLLATION_CONNECTION */;
